{"stats":{"minecraft:dropped":{"sophisticatedbackpacks:iron_backpack":1,"hexerei:wax_blend":6,"minecraft:iron_sword":6,"minecraft:birch_planks":1,"minecraft:dark_oak_stairs":11,"hexerei:cloth":1,"botania:red_mystical_flower":1,"minecraft:diamond":42,"minecraft:ender_pearl":1,"minecraft:glass_bottle":1,"hexerei:waxing_kit":1,"hexerei:pestle_and_mortar":1,"minecraft:dark_oak_slab":4,"minecraft:crossbow":1,"iceandfire:fire_dragon_flesh":1,"hexerei:crow_blank_amulet":2,"vinery:white_grape_seeds":3,"minecraft:leather":18,"minecraft:emerald":29,"minecraft:cod":1,"minecraft:red_carpet":3,"sophisticatedbackpacks:gold_backpack":1,"minecraft:gold_block":2,"born_in_chaos_v1:monster_flesh":2,"minecraft:dirt":3,"blocky_siege:cannon_ball_0":3,"minecraft:mutton":3,"minecraft:cut_sandstone":9,"minecraft:stripped_dark_oak_wood":1,"minecraft:gold_nugget":7,"minecraft:amethyst_shard":13,"iceandfire:ash":2,"minecraft:sand":2,"minecraft:iron_pickaxe":2,"minecraft:dark_oak_planks":6,"minecraft:gold_ingot":92,"minecraft:bone":5,"vinery:red_grape_seeds":4,"minecraft:gravel":7,"minecraft:goat_horn":1,"minecraft:iron_nugget":12,"minecraft:cooked_chicken":1,"minecraft:cobbled_deepslate":9,"minecraft:black_carpet":1,"minecraft:wheat":2,"minecraft:smooth_sandstone_stairs":1,"born_in_chaos_v1:ethereal_spirit":2,"minecraft:rotten_flesh":24,"minecraft:oak_planks":1,"iceandfire:fire_lily":1,"minecraft:blaze_powder":1,"minecraft:honey_bottle":1,"alexsmobs:emu_egg":1,"minecraft:white_bed":1,"minecraft:carrot":28,"minecraft:chainmail_chestplate":1,"supplementaries:ash":30,"iceandfire:chain":2,"minecraft:gunpowder":1,"minecraft:chest":1,"born_in_chaos_v1:corpse_maggot":7,"minecraft:acacia_sapling":1,"minecraft:iron_bars":2,"minecraft:acacia_fence":1,"iceandfire:manuscript":4,"tombstone:scroll_of_reach":1,"minecraft:iron_ingot":60,"minecraft:bread":10,"minecraft:wheat_seeds":21,"minecraft:feather":2,"minecraft:iron_helmet":2,"minecraft:cobblestone":2,"minecraft:purple_concrete":1,"minecraft:granite":20,"minecraft:copper_ingot":7,"iceandfire:lightning_dragon_flesh":2,"minecraft:spruce_stairs":4,"hexerei:herb_jar":1,"minecraft:chainmail_helmet":1,"minecraft:golden_apple":5,"minecraft:stick":15,"minecraft:jungle_slab":16,"minecraft:gray_wool":2,"born_in_chaos_v1:black_argillite":3,"minecraft:diorite":19,"minecraft:golden_carrot":6,"minecraft:torch":2,"alexsmobs:cooked_lobster_tail":1,"born_in_chaos_v1:fused_bone":6,"tombstone:grave_dust":13,"minecraft:potion":1,"minecraft:iron_leggings":3,"minecraft:oak_stairs":5,"minecraft:iron_shovel":1,"minecraft:string":5,"minecraft:smooth_sandstone":14,"iceandfire:dragonbone":21,"minecraft:chiseled_sandstone":10,"hexerei:animal_fat":5,"minecraft:kelp":17,"hexerei:witch_hazel_drying_rack":2,"hexerei:sage_seed":17,"minecraft:stone_sword":1,"botania:yellow_double_flower":1,"minecraft:cobblestone_wall":1,"minecraft:raw_copper":15,"minecraft:bowl":1,"born_in_chaos_v1:rotten_fish":3,"minecraft:experience_bottle":3,"minecraft:iron_boots":1,"minecraft:spruce_fence":7,"minecraft:flint_and_steel":1,"minecraft:filled_map":3,"minecraft:potato":1,"minecraft:bundle":1,"minecraft:spruce_planks":2,"minecraft:iron_chestplate":2,"minecraft:andesite":4,"minecraft:oak_boat":1,"botania:mana_bottle":1,"minecraft:slime_ball":15,"minecraft:sandstone":2,"minecraft:bow":2,"minecraft:blue_orchid":10,"minecraft:stone_pickaxe":3,"waystones:waystone":1,"iceandfire:dragon_skull_lightning":1,"minecraft:black_wool":1},"minecraft:killed":{"alexsmobs:lobster":2,"minecraft:witch":1,"minecraft:spider":3,"born_in_chaos_v1:siamese_skeletonsright":2,"born_in_chaos_v1:scarlet_persecutor":1,"minecraft:skeleton":20,"minecraft:chicken":2,"minecraft:pig":2,"minecraft:zombie_villager":1,"minecraft:iron_golem":2,"minecraft:creeper":1,"minecraft:sheep":2,"minecraft:pillager":9,"minecraft:zombie":28,"born_in_chaos_v1:corpse_fly":2,"goety:wraith":5,"alexsmobs:fly":1,"born_in_chaos_v1:siamese_skeletonsleft":2,"minecraft:cow":6,"goety:maverick":1,"born_in_chaos_v1:maggot":9,"minecraft:horse":2,"born_in_chaos_v1:corpse_fish":1,"born_in_chaos_v1:siamese_skeletons":1,"born_in_chaos_v1:barrel_zombie":3,"minecraft:husk":1,"born_in_chaos_v1:swarmer":1,"born_in_chaos_v1:bloody_gadfly":2},"minecraft:custom":{"minecraft:interact_with_crafting_table":72,"minecraft:open_barrel":31,"minecraft:leave_game":4,"minecraft:time_since_death":35700,"minecraft:sprint_one_cm":1765592,"minecraft:damage_blocked_by_shield":2047,"minecraft:drop":386,"minecraft:talked_to_villager":8,"minecraft:play_time":752761,"minecraft:deaths":29,"minecraft:jump":16605,"minecraft:walk_on_water_one_cm":107457,"minecraft:interact_with_furnace":32,"minecraft:traded_with_villager":5,"minecraft:sleep_in_bed":15,"minecraft:waystone_activated":12,"minecraft:damage_dealt":41644,"minecraft:player_kills":3,"minecraft:crouch_one_cm":58194,"tombstone:undead_killed":64,"minecraft:interact_with_smoker":1,"minecraft:inspect_dispenser":3,"minecraft:interact_with_anvil":2,"minecraft:mob_kills":127,"minecraft:damage_dealt_resisted":227,"minecraft:climb_one_cm":26455,"minecraft:walk_one_cm":1239044,"minecraft:sneak_time":25380,"minecraft:walk_under_water_one_cm":79493,"minecraft:boat_one_cm":945230,"minecraft:total_world_time":752761,"spartanshields:shield_bash_hits":1,"tombstone:raider_killed":11,"minecraft:time_since_rest":19271,"minecraft:damage_taken":43634,"minecraft:damage_absorbed":46,"minecraft:swim_one_cm":181418,"minecraft:fly_one_cm":2946880,"minecraft:open_chest":389,"minecraft:fall_one_cm":462651},"minecraft:used":{"alexsmobs:emu_egg":5,"minecraft:moss_block":3,"minecraft:blue_terracotta":2,"minecraft:iron_shovel":762,"minecraft:spruce_slab":2,"minecraft:poppy":3,"minecraft:polished_basalt":6,"minecraft:chest":25,"minecraft:shield":52,"minecraft:iron_sword":346,"vinery:white_grape":3,"minecraft:jungle_planks":2,"minecraft:carrot":163,"minecraft:pink_terracotta":4,"vinery:jungle_grape_seeds_red":19,"vinery:taiga_grape_seeds_red":5,"minecraft:honey_bottle":2,"born_in_chaos_v1:corpse_maggot":4,"minecraft:waxed_oxidized_copper":1,"minecraft:mangrove_log":3,"minecraft:stripped_dark_oak_wood":6,"minecraft:quartz_slab":2,"minecraft:stone_brick_stairs":1,"minecraft:stone_bricks":1,"minecraft:bow":18,"minecraft:furnace":2,"minecraft:oak_sapling":34,"minecraft:cooked_cod":1,"minecraft:beetroot_seeds":3,"minecraft:egg":5,"minecraft:potato":2,"vinery:white_grape_seeds":9,"minecraft:diorite":9,"minecraft:spruce_door":1,"minecraft:stone_pickaxe":127,"minecraft:oak_planks":249,"minecraft:ender_pearl":1,"minecraft:wooden_pickaxe":59,"minecraft:sandstone":121,"minecraft:white_wool":1,"minecraft:crossbow":1,"minecraft:purple_terracotta":1,"waystones:waystone":8,"minecraft:chiseled_sandstone":16,"minecraft:bread":173,"minecraft:melon_slice":15,"minecraft:gravel":10,"tombstone:grave_key":3,"blocky_siege:fire_bomb_0":6,"supplementaries:flax_seeds":1,"minecraft:diamond_sword":349,"iceandfire:dragon_skull_fire":4,"born_in_chaos_v1:river_mint":9,"minecraft:andesite":9,"minecraft:chain":2,"minecraft:oak_boat":2,"minecraft:bone_meal":36,"minecraft:experience_bottle":16,"minecraft:iron_bars":3,"minecraft:stone_sword":14,"minecraft:flint_and_steel":13,"minecraft:spruce_planks":410,"vinery:jungle_grapes_red":17,"minecraft:stone_hoe":36,"minecraft:cooked_chicken":1,"minecraft:stick":1,"minecraft:torch":132,"minecraft:dirt":848,"minecraft:cobblestone_wall":1,"minecraft:oak_wood":7,"minecraft:granite":29,"minecraft:dark_oak_planks":49,"alexsmobs:maggot":1,"minecraft:iron_axe":618,"minecraft:smooth_sandstone":129,"minecraft:crimson_planks":9,"minecraft:purple_concrete":2,"minecraft:golden_carrot":24,"minecraft:beef":8,"tombstone:gift":8,"minecraft:cooked_beef":9,"minecraft:acacia_planks":132,"vinery:red_grape":3,"hexerei:witch_hazel_drying_rack":1,"sophisticatedbackpacks:gold_backpack":2,"minecraft:wheat_seeds":8,"minecraft:cooked_mutton":1,"minecraft:water_bucket":104,"minecraft:cobblestone_stairs":14,"minecraft:birch_planks":24,"minecraft:baked_potato":14,"minecraft:cut_sandstone":24,"minecraft:tnt":4,"minecraft:crafting_table":9,"vinery:grapevine_lattice":26,"minecraft:white_bed":4,"minecraft:oak_log":9,"tombstone:bag_of_seeds":2,"celestisynth:lunar_stone":2,"minecraft:black_wool":1,"minecraft:diamond_pickaxe":1339,"minecraft:cornflower":2,"minecraft:apple":6,"supplementaries:cage":2,"hexerei:sage_seed":2,"minecraft:iron_pickaxe":391,"minecraft:jungle_stairs":1,"blocky_siege:cannon":1,"minecraft:stone_axe":85,"minecraft:green_carpet":1,"vinery:savanna_grape_seeds_red":23,"minecraft:cobblestone":498,"minecraft:purple_bed":1,"minecraft:cooked_porkchop":8,"minecraft:bucket":104,"minecraft:yellow_bed":1,"alexsmobs:animal_dictionary":1,"vinery:apple_tree_sapling":1,"minecraft:purple_carpet":3,"minecraft:dandelion":3,"vinery:taiga_grape_seeds_white":5},"minecraft:killed_by":{"minecraft:creeper":2,"eidolon:zombie_brute":1,"minecraft:vindicator":2,"minecraft:zombie":9,"iceandfire:fire_dragon":2,"minecraft:player":1,"minecraft:iron_golem":2,"minecraft:skeleton":4,"minecraft:phantom":1,"born_in_chaos_v1:corpse_fish":1},"minecraft:picked_up":{"minecraft:iron_chestplate":2,"minecraft:black_carpet":1,"vinery:red_grape":3,"minecraft:flower_pot":1,"minecraft:lead":2,"minecraft:diamond_sword":1,"vinery:cherry_log":7,"minecraft:oak_stairs":2,"minecraft:stone_brick_stairs":1,"minecraft:crimson_planks":9,"botania:light_blue_double_flower":1,"vinery:grapevine_lattice":26,"born_in_chaos_v1:black_argillite":3,"iceandfire:manuscript":4,"minecraft:string":8,"minecraft:raw_copper":15,"minecraft:iron_leggings":1,"minecraft:experience_bottle":4,"vinery:savanna_grapes_red":20,"irons_spellbooks:arcane_essence":14,"minecraft:sea_pickle":1,"goety:ectoplasm":2,"minecraft:gold_nugget":250,"minecraft:cobbled_deepslate":9,"minecraft:spruce_planks":16,"celestisynth:lunar_stone":63,"minecraft:iron_pickaxe":2,"irons_spellbooks:inscription_table":1,"minecraft:enchanted_golden_apple":1,"minecraft:melon_slice":21,"minecraft:mangrove_log":3,"minecraft:stick":68,"minecraft:acacia_fence":1,"minecraft:torch":11,"minecraft:acacia_log":1,"minecraft:spruce_stairs":7,"iceandfire:silver_ore":1,"hexerei:cloth":1,"iceandfire:lightning_dragon_flesh":2,"tombstone:grave_dust":12,"minecraft:pink_terracotta":4,"minecraft:waxed_cut_copper_stairs":1,"minecraft:rotten_flesh":37,"minecraft:polished_basalt":6,"iceandfire:fire_dragon_heart":2,"alexsmobs:emu_egg":6,"supplementaries:ash":30,"minecraft:cod":1,"minecraft:iron_bars":5,"vinery:apple_log":7,"hexerei:waxing_kit":1,"minecraft:cobblestone":1023,"minecraft:birch_log":10,"minecraft:feather":2,"minecraft:cooked_beef":11,"minecraft:andesite":5,"minecraft:potato":2,"hexerei:witch_hazel_drying_rack":3,"minecraft:smooth_sandstone_stairs":5,"minecraft:lapis_lazuli":20,"minecraft:dirt":962,"iceandfire:dragonscales_bronze":31,"minecraft:purple_carpet":8,"minecraft:bone":20,"hexerei:wax_blend":6,"botania:pink_mystical_flower":5,"minecraft:bow":3,"minecraft:wheat_seeds":41,"minecraft:glowstone_dust":3,"minecraft:moss_block":3,"botania:gray_mystical_flower":2,"minecraft:oak_planks":17,"hexerei:animal_fat":6,"botania:red_mystical_flower":1,"botania:gray_double_flower":1,"irons_spellbooks:frozen_bone":4,"minecraft:cooked_porkchop":8,"botania:yellow_double_flower":1,"blocky_siege:fire_bomb_0":9,"iceandfire:dragon_skull_fire":4,"vinery:white_grape":11,"minecraft:jungle_planks":4,"minecraft:sand":2,"sophisticatedbackpacks:iron_backpack":1,"minecraft:dark_oak_log":2,"minecraft:jungle_slab":16,"minecraft:chiseled_sandstone":26,"minecraft:bundle":3,"minecraft:blue_terracotta":2,"vinery:jungle_grapes_red":41,"born_in_chaos_v1:fire_dust":2,"minecraft:diamond":32,"irons_spellbooks:divine_pearl":7,"waystones:waystone":10,"minecraft:crossbow":3,"minecraft:granite":48,"minecraft:golden_apple":5,"minecraft:emerald":92,"minecraft:chainmail_helmet":1,"minecraft:bread":17,"irons_spellbooks:uncommon_ink":1,"born_in_chaos_v1:rotten_fish":3,"alexsmobs:maggot":3,"minecraft:oak_sapling":34,"iceandfire:dragon_skull_lightning":1,"sophisticatedbackpacks:gold_backpack":3,"blocky_siege:cannon":1,"born_in_chaos_v1:river_mint":9,"vinery:taiga_grapes_white":2,"iceandfire:fire_lily":1,"iceandfire:chain":1,"minecraft:gold_block":3,"minecraft:chain":2,"minecraft:shield":2,"minecraft:cornflower":2,"minecraft:iron_axe":1,"vinery:cherry_sapling":2,"minecraft:quartz_slab":2,"minecraft:iron_shovel":1,"minecraft:blue_orchid":2,"minecraft:candle":32,"minecraft:beef":8,"vinery:cherry":1,"minecraft:oak_boat":3,"supplementaries:cage":1,"minecraft:iron_nugget":3,"minecraft:poppy":7,"minecraft:spruce_slab":3,"minecraft:chest":4,"alexsmobs:cooked_lobster_tail":1,"minecraft:waxed_oxidized_copper":1,"minecraft:egg":5,"minecraft:raw_iron":62,"minecraft:sandstone":123,"iceandfire:dragonbone":29,"minecraft:copper_ingot":7,"minecraft:bowl":1,"botania:mana_bottle":1,"minecraft:spruce_fence":7,"sophisticatedbackpacks:backpack":1,"minecraft:carrot":199,"minecraft:prismarine_crystals":13,"minecraft:purple_terracotta":1,"minecraft:dark_oak_planks":57,"hexerei:sage_seed":29,"minecraft:arrow":21,"botania:lime_mystical_flower":1,"minecraft:jungle_stairs":1,"vinery:white_grape_seeds":3,"minecraft:hay_block":51,"minecraft:stripped_dark_oak_wood":7,"minecraft:white_wool":1,"minecraft:gold_ingot":213,"minecraft:mutton":3,"born_in_chaos_v1:fused_bone":6,"vinery:rotten_cherry":1,"born_in_chaos_v1:corpse_maggot":11,"minecraft:mud_bricks":2,"born_in_chaos_v1:monster_flesh":2,"minecraft:glow_ink_sac":2,"minecraft:cut_sandstone":33,"minecraft:leather":17,"vinery:jungle_grape_seeds_red":3,"minecraft:acacia_wood":33,"minecraft:filled_map":2,"minecraft:oak_log":162,"minecraft:chainmail_chestplate":1,"minecraft:gunpowder":3,"minecraft:yellow_bed":1,"hexerei:crow_blank_amulet":1,"vinery:taiga_grapes_red":4,"minecraft:cobblestone_wall":2,"tombstone:gift":1,"botania:light_blue_mystical_flower":9,"irons_spellbooks:common_ink":2,"minecraft:cooked_mutton":2,"minecraft:smooth_sandstone":142,"minecraft:red_carpet":3,"minecraft:apple":7,"minecraft:stone_bricks":1,"minecraft:kelp":17,"hexerei:pestle_and_mortar":1,"minecraft:spruce_wood":98,"minecraft:iron_ingot":53,"minecraft:stone_pickaxe":1,"minecraft:cooked_chicken":2,"tombstone:bag_of_seeds":1,"minecraft:iron_sword":4,"iceandfire:fire_dragon_flesh":3,"minecraft:acacia_sapling":1,"minecraft:dark_oak_stairs":14,"minecraft:purple_concrete":3,"minecraft:book":102,"iceandfire:copper_nugget":3,"minecraft:dark_oak_slab":6,"iceandfire:ash":2,"born_in_chaos_v1:ethereal_spirit":3,"minecraft:dandelion":3,"minecraft:amethyst_shard":13,"minecraft:white_bed":5,"minecraft:spruce_door":1,"minecraft:green_carpet":1,"minecraft:spider_eye":1,"iceandfire:dragonscales_copper":21,"botania:red_double_flower":2,"minecraft:oak_wood":18,"minecraft:purple_bed":1,"hexerei:herb_jar":1,"minecraft:gray_wool":2,"minecraft:baked_potato":14,"minecraft:damaged_anvil":1,"minecraft:black_wool":2,"minecraft:coal":68,"irons_spellbooks:scroll":1},"minecraft:broken":{"minecraft:iron_shovel":2,"minecraft:iron_leggings":1,"iceandfire:armor_bronze_leggings":1,"iceandfire:armor_copper_boots":1,"iceandfire:armor_copper_helmet":1,"iceandfire:armor_copper_chestplate":1,"minecraft:wooden_pickaxe":1,"minecraft:shield":1,"minecraft:iron_axe":2,"minecraft:iron_pickaxe":2,"minecraft:iron_helmet":1},"minecraft:mined":{"minecraft:dark_oak_planks":71,"minecraft:spruce_planks":20,"minecraft:white_bed":5,"minecraft:black_terracotta":6,"botania:red_mystical_flower":1,"sophisticatedbackpacks:gold_backpack":2,"minecraft:granite":48,"vinery:taiga_grape_bush_red":4,"minecraft:acacia_log":1,"minecraft:grass_block":720,"vinery:savanna_grape_bush_red":6,"minecraft:mud_bricks":2,"vinery:apple_log":7,"minecraft:spawner":29,"blocky_siege:fire_bomb_0":3,"minecraft:iron_ore":61,"minecraft:fire":23,"minecraft:deepslate_lapis_ore":2,"minecraft:stripped_dark_oak_wood":14,"minecraft:dark_oak_stairs":13,"vinery:taiga_grape_bush_white":3,"supplementaries:stick":1,"iceandfire:gold_pile":25,"minecraft:quartz_slab":1,"minecraft:iron_bars":5,"minecraft:green_carpet":1,"vinery:grapevine_lattice":3,"minecraft:smooth_sandstone_stairs":7,"minecraft:spruce_wood":121,"botania:light_blue_mystical_flower":10,"minecraft:spruce_slab":3,"minecraft:tripwire":3,"minecraft:waxed_cut_copper_stairs":1,"minecraft:waxed_cut_copper":3,"hexerei:witch_hazel_drying_rack":1,"minecraft:gray_terracotta":3,"vinery:jungle_grape_bush_red":6,"minecraft:cut_sandstone":50,"minecraft:powder_snow":3,"minecraft:jungle_stairs":1,"minecraft:poppy":1,"minecraft:melon":5,"minecraft:chest":5,"minecraft:cobblestone":47,"minecraft:oak_planks":5,"minecraft:damaged_anvil":1,"minecraft:wall_torch":2,"vinery:white_grape_bush":4,"minecraft:stone_stairs":1,"minecraft:chain":2,"minecraft:dark_oak_slab":6,"minecraft:birch_log":9,"minecraft:wheat":2,"born_in_chaos_v1:river_mint":8,"celestisynth:lunar_stone":68,"minecraft:stone_brick_stairs":1,"minecraft:grass":135,"blocky_siege:fire_bomb_2":2,"minecraft:oak_log":167,"minecraft:waxed_oxidized_copper":1,"botania:gray_double_flower":1,"minecraft:sand":1,"minecraft:dirt":236,"minecraft:crimson_planks":10,"minecraft:mangrove_log":3,"vinery:apple_leaves":11,"minecraft:oak_leaves":93,"minecraft:deepslate":32,"minecraft:red_carpet":2,"iceandfire:silver_ore":1,"minecraft:mossy_cobblestone":1,"minecraft:candle":13,"minecraft:dark_oak_log":2,"minecraft:sea_lantern":7,"minecraft:glow_lichen":1,"minecraft:purple_terracotta":1,"minecraft:spruce_fence":10,"minecraft:jungle_planks":4,"born_in_chaos_v1:black_argillite":3,"minecraft:moss_block":3,"minecraft:sandstone":115,"minecraft:hay_block":52,"minecraft:furnace":1,"minecraft:carrots":57,"minecraft:polished_basalt":6,"minecraft:chiseled_sandstone":34,"minecraft:acacia_wood":42,"minecraft:andesite":5,"minecraft:gold_block":1,"minecraft:bookshelf":43,"minecraft:potatoes":1,"minecraft:deepslate_iron_ore":1,"botania:light_blue_double_flower":1,"irons_spellbooks:inscription_table":1,"minecraft:stone":1066,"minecraft:pink_terracotta":4,"minecraft:potted_allium":1,"botania:lime_mystical_flower":1,"hexerei:willow_vines":1,"minecraft:acacia_leaves":48,"minecraft:smooth_sandstone":148,"minecraft:cornflower":3,"botania:yellow_double_flower":1,"vinery:cherry_log":7,"minecraft:oak_wood":18,"minecraft:tall_grass":10,"minecraft:copper_ore":4,"minecraft:lapis_ore":1,"botania:pink_mystical_flower":6,"supplementaries:cage":1,"minecraft:diorite":4,"supplementaries:urn":7,"minecraft:spruce_stairs":2,"botania:red_double_flower":2,"minecraft:red_terracotta":1,"minecraft:birch_leaves":2,"minecraft:purple_concrete":3,"minecraft:mangrove_leaves":15,"minecraft:yellow_bed":1,"minecraft:muddy_mangrove_roots":1,"minecraft:coal_ore":68,"minecraft:gray_carpet":1,"botania:gray_mystical_flower":2,"hexerei:willow_vines_plant":1,"minecraft:stone_bricks":1,"vinery:cherry_leaves":36},"minecraft:crafted":{"minecraft:oak_planks":608,"iceandfire:armor_copper_boots":1,"minecraft:chain":9,"minecraft:cobblestone_stairs":40,"minecraft:stone":8,"minecraft:heavy_weighted_pressure_plate":2,"minecraft:iron_bars":16,"minecraft:iron_boots":1,"tombstone:grave_key":3,"minecraft:chest":22,"minecraft:stone_hoe":1,"minecraft:oak_slab":42,"minecraft:crafting_table":9,"minecraft:spruce_planks":396,"minecraft:wooden_pickaxe":1,"supplementaries:cage":8,"minecraft:birch_planks":40,"vinery:taiga_grape_seeds_red":5,"iceandfire:armor_copper_chestplate":1,"minecraft:iron_chestplate":1,"minecraft:diamond_pickaxe":1,"minecraft:stick":60,"minecraft:iron_pickaxe":2,"minecraft:iron_ingot":57,"minecraft:gold_ingot":27,"vinery:apple_tree_sapling":1,"vinery:jungle_grape_seeds_red":15,"iceandfire:armor_copper_helmet":1,"minecraft:golden_carrot":30,"vinery:savanna_grape_seeds_red":21,"minecraft:iron_nugget":36,"minecraft:furnace":2,"minecraft:stone_button":8,"minecraft:bone_meal":36,"minecraft:iron_axe":2,"minecraft:stone_pickaxe":1,"vinery:grapevine_lattice":20,"iceandfire:chain":3,"sophisticatedbackpacks:iron_backpack":1,"minecraft:wheat":459,"minecraft:cooked_cod":1,"minecraft:iron_sword":2,"vinery:white_grape_seeds":8,"sophisticatedbackpacks:gold_backpack":1,"minecraft:stone_axe":1,"minecraft:bread":159,"minecraft:air":0,"vinery:taiga_grape_seeds_white":3,"minecraft:gold_nugget":306,"minecraft:iron_shovel":4,"iceandfire:armor_bronze_leggings":1,"minecraft:acacia_planks":136,"minecraft:torch":152}},"DataVersion":3120}