{"stats":{"minecraft:dropped":{"minecraft:blue_terracotta":1,"minecraft:oak_slab":12,"alexsmobs:maggot":1,"alexsmobs:animal_dictionary":1,"minecraft:mutton":2,"botania:green_mystical_flower":1,"minecraft:gold_nugget":64,"minecraft:beef":1,"minecraft:purple_wool":1},"minecraft:killed":{"alexsmobs:lobster":1,"alexsmobs:seal":1,"minecraft:skeleton":1,"minecraft:sheep":1,"minecraft:zombie":1,"minecraft:chicken":1,"alexsmobs:bison":1},"minecraft:custom":{"minecraft:interact_with_furnace":34,"minecraft:mob_kills":7,"minecraft:interact_with_crafting_table":17,"minecraft:leave_game":13,"minecraft:time_since_death":870,"minecraft:time_since_rest":1,"minecraft:sprint_one_cm":145368,"minecraft:damage_taken":2811,"minecraft:walk_one_cm":96837,"minecraft:drop":9,"minecraft:damage_dealt":2030,"minecraft:swim_one_cm":54542,"minecraft:fly_one_cm":307468,"minecraft:open_chest":2,"minecraft:crouch_one_cm":1931,"minecraft:deaths":4,"minecraft:play_time":69178,"tombstone:undead_killed":2,"minecraft:sneak_time":854,"minecraft:walk_under_water_one_cm":16136,"minecraft:boat_one_cm":23773,"minecraft:jump":1585,"minecraft:walk_on_water_one_cm":17887,"minecraft:total_world_time":69178,"minecraft:fall_one_cm":43899},"minecraft:used":{"iceandfire:armor_copper_metal_leggings":1,"minecraft:stone_pickaxe":262,"minecraft:wooden_pickaxe":13,"minecraft:cooked_chicken":1,"minecraft:torch":23,"iceandfire:armor_copper_metal_boots":1,"minecraft:dirt":15,"minecraft:mutton":2,"minecraft:crafting_table":4,"iceandfire:armor_copper_metal_chestplate":1,"supplementaries:cage":4,"minecraft:iron_pickaxe":4,"botania:pink_mystical_flower":1,"minecraft:stone_axe":47,"minecraft:cobblestone":26,"minecraft:beef":7,"minecraft:furnace":2,"iceandfire:armor_copper_metal_helmet":1,"tombstone:gift":1,"alexsmobs:animal_dictionary":1,"minecraft:cooked_beef":5},"minecraft:killed_by":{"minecraft:zombie":2,"alexsmobs:bison":1,"iceandfire:fire_dragon":1},"minecraft:picked_up":{"minecraft:crafting_table":1,"minecraft:feather":4,"minecraft:purple_wool":1,"minecraft:chicken":2,"minecraft:oak_log":21,"minecraft:lapis_lazuli":23,"minecraft:dirt":15,"minecraft:raw_copper":54,"botania:light_blue_mystical_flower":1,"minecraft:wheat_seeds":2,"botania:pink_mystical_flower":2,"minecraft:gold_nugget":292,"minecraft:beef":8,"supplementaries:cage":2,"camera:image":1,"minecraft:furnace":1,"minecraft:raw_iron":3,"minecraft:stick":1,"botania:purple_double_flower":1,"iceandfire:dragonscales_gray":12,"botania:yellow_double_flower":1,"minecraft:torch":5,"minecraft:white_bed":1,"minecraft:arrow":4,"hexerei:sage_seed":1,"botania:white_mystical_flower":1,"minecraft:blue_terracotta":1,"botania:lime_mystical_flower":1,"iceandfire:fire_dragon_heart":1,"alexsmobs:maggot":1,"botania:green_mystical_flower":1,"minecraft:mutton":4,"minecraft:coal":17,"minecraft:white_wool":2,"minecraft:cobblestone":224},"minecraft:broken":{"minecraft:stone_pickaxe":2},"minecraft:mined":{"botania:green_mystical_flower":1,"minecraft:white_bed":1,"botania:lime_mystical_flower":1,"minecraft:crafting_table":1,"minecraft:torch":2,"botania:yellow_double_flower":1,"minecraft:grass_block":4,"botania:purple_double_flower":1,"minecraft:tall_grass":1,"minecraft:copper_ore":16,"minecraft:cobblestone":11,"minecraft:lapis_ore":4,"minecraft:wall_torch":2,"botania:pink_mystical_flower":2,"minecraft:furnace":1,"minecraft:iron_ore":3,"minecraft:fire":1,"minecraft:grass":11,"botania:white_mystical_flower":1,"minecraft:oak_log":21,"minecraft:coal_ore":17,"iceandfire:gold_pile":25,"minecraft:dirt":9,"minecraft:stone":214,"botania:light_blue_mystical_flower":1,"minecraft:oak_leaves":1},"minecraft:crafted":{"minecraft:cooked_beef":6,"minecraft:oak_slab":12,"minecraft:oak_planks":72,"minecraft:crafting_table":3,"minecraft:wooden_pickaxe":1,"minecraft:cooked_chicken":2,"minecraft:furnace":1,"iceandfire:armor_copper_metal_leggings":1,"minecraft:copper_ingot":24,"minecraft:stone_axe":1,"iceandfire:armor_copper_metal_boots":1,"minecraft:air":0,"iceandfire:armor_copper_metal_helmet":1,"minecraft:charcoal":3,"minecraft:stick":28,"minecraft:iron_ingot":3,"iceandfire:armor_copper_metal_chestplate":1,"minecraft:iron_pickaxe":1,"minecraft:stone_pickaxe":3,"minecraft:gold_ingot":37,"minecraft:torch":52}},"DataVersion":3120}