{"stats":{"minecraft:used":{"irons_spellbooks:inscription_table":2,"minecraft:spruce_slab":45,"minecraft:ladder":21,"minecraft:black_carpet":9,"minecraft:chest":8,"securitycraft:keypad_item":1,"minecraft:allium":1,"minecraft:stripped_spruce_log":35,"minecraft:grass_block":116,"vinery:savanna_grapes_red":6,"minecraft:rabbit_stew":1,"minecraft:bow":243,"supplementaries:ash":3,"minecraft:oak_sapling":68,"minecraft:furnace":12,"minecraft:egg":2,"minecraft:potato":4,"minecraft:mossy_stone_bricks":1,"minecraft:diorite":62,"minecraft:damaged_anvil":1,"hexerei:pestle_and_mortar":1,"minecraft:spruce_door":3,"minecraft:wooden_pickaxe":59,"minecraft:golden_apple":21,"minecraft:sand":27,"minecraft:blast_furnace":4,"born_in_chaos_v1:holiday_candy":9,"minecraft:chiseled_sandstone":1,"minecraft:diamond_sword":1708,"minecraft:oak_boat":7,"minecraft:purple_wool":1,"minecraft:oak_trapdoor":4,"camera:image_frame":3,"minecraft:enchanting_table":1,"vinery:jungle_grapes_red":125,"minecraft:orange_bed":1,"minecraft:stick":1,"minecraft:torch":244,"minecraft:brewing_stand":1,"hexerei:herb_jar":3,"minecraft:iron_axe":551,"minecraft:rooted_dirt":1,"born_in_chaos_v1:smoldering_scorched_log":3,"minecraft:barrel":3,"minecraft:beef":13,"tombstone:gift":3,"minecraft:cobbled_deepslate":28,"minecraft:acacia_planks":114,"vinery:red_grape":17,"minecraft:wheat_seeds":3,"minecraft:water_bucket":138,"minecraft:mossy_cobblestone":1,"minecraft:crafting_table":17,"minecraft:white_bed":3,"minecraft:spruce_log":150,"hexerei:herb_drying_rack_full":1,"minecraft:oak_log":6,"minecraft:diamond_pickaxe":5131,"minecraft:cornflower":1,"minecraft:suspicious_stew":1,"minecraft:iron_pickaxe":385,"tombstone:magic_scroll":3,"minecraft:spruce_trapdoor":25,"minecraft:spruce_sapling":62,"hexerei:witch_hazel_altar":1,"minecraft:cobblestone":1227,"minecraft:potion":3,"vinery:cherry":10,"minecraft:cooked_porkchop":8,"minecraft:porkchop":2,"minecraft:iron_shovel":291,"hexerei:witch_hazel_sapling":5,"minecraft:shield":130,"hexerei:candelabra":7,"minecraft:iron_sword":302,"vinery:white_grape":13,"minecraft:player_head":1,"minecraft:mutton":16,"minecraft:carrot":148,"iceandfire:chain":3,"minecraft:lantern":4,"minecraft:raw_gold_block":15,"minecraft:stone_bricks":52,"minecraft:red_carpet":4,"spartanshields:iron_basic_shield":123,"minecraft:gold_block":3,"minecraft:dark_oak_stairs":11,"minecraft:stone_pickaxe":202,"minecraft:oak_planks":302,"minecraft:ender_pearl":1,"minecraft:sandstone":43,"minecraft:diamond_axe":743,"minecraft:sugar_cane":4,"minecraft:white_wool":2,"waystones:waystone":8,"minecraft:melon_slice":35,"minecraft:bread":197,"minecraft:string":1,"tombstone:grave_key":4,"minecraft:gravel":7,"iceandfire:dragon_skull_fire":2,"minecraft:andesite":4,"minecraft:bone_meal":49,"minecraft:cobweb":1,"minecraft:experience_bottle":7,"minecraft:spruce_planks":728,"minecraft:stone_hoe":9,"minecraft:cooked_chicken":1,"minecraft:oak_door":1,"minecraft:dirt":236,"minecraft:spruce_stairs":16,"minecraft:cobblestone_wall":34,"minecraft:granite":5,"minecraft:iron_hoe":753,"minecraft:dark_oak_planks":65,"minecraft:smooth_sandstone":84,"minecraft:iron_boots":1,"minecraft:golden_carrot":24,"minecraft:waxed_cut_copper_slab":1,"waystones:warp_plate":10,"minecraft:cooked_beef":18,"minecraft:enchanted_golden_apple":2,"minecraft:iron_leggings":1,"iceandfire:fire_dragon_flesh":1,"minecraft:polished_andesite":215,"minecraft:baked_potato":10,"minecraft:cut_sandstone":27,"minecraft:stonecutter":2,"minecraft:cobblestone_slab":3,"tombstone:tablet_of_home":1,"bosses_of_mass_destruction:soul_star":2,"minecraft:apple":20,"supplementaries:cage":8,"minecraft:stone_axe":91,"irons_spellbooks:scroll_forge":1,"minecraft:bucket":136,"minecraft:yellow_bed":3,"alexsmobs:animal_dictionary":4},"minecraft:crafted":{"spartanshields:wooden_tower_shield":1,"minecraft:chain":9,"waystones:warp_plate":3,"securitycraft:keypad_item":1,"minecraft:iron_bars":16,"minecraft:glass":28,"minecraft:emerald":73,"irons_spellbooks:copper_spell_book":1,"minecraft:cooked_porkchop":8,"minecraft:diamond_axe":1,"supplementaries:cage":4,"minecraft:copper_ingot":54,"camera:camera":1,"minecraft:iron_pickaxe":2,"minecraft:gold_ingot":53,"spartanshields:wooden_basic_shield":2,"minecraft:golden_carrot":17,"minecraft:iron_nugget":63,"minecraft:bone_meal":54,"minecraft:lantern":4,"minecraft:spruce_stairs":12,"minecraft:ladder":12,"minecraft:spruce_slab":48,"minecraft:stone_pickaxe":2,"minecraft:spruce_boat":1,"minecraft:dark_oak_planks":80,"minecraft:wheat":460,"iceandfire:chain":3,"minecraft:enchanting_table":1,"minecraft:golden_apple":3,"minecraft:iron_shovel":1,"minecraft:iron_leggings":3,"minecraft:white_bed":1,"camera:image_frame":3,"minecraft:oak_planks":516,"minecraft:cobblestone_slab":6,"minecraft:barrel":2,"minecraft:stone":318,"minecraft:heavy_weighted_pressure_plate":1,"spartanshields:iron_basic_shield":2,"minecraft:iron_boots":3,"tombstone:grave_key":1,"minecraft:chest":13,"minecraft:stone_hoe":1,"minecraft:stone_bricks":104,"minecraft:oak_slab":6,"sophisticatedbackpacks:backpack":2,"minecraft:crafting_table":13,"minecraft:spruce_planks":824,"minecraft:iron_helmet":2,"minecraft:wooden_pickaxe":1,"irons_spellbooks:furled_map":1,"minecraft:spruce_trapdoor":24,"minecraft:paper":24,"minecraft:book":1,"minecraft:iron_chestplate":3,"minecraft:diamond_pickaxe":3,"minecraft:shield":1,"minecraft:stick":100,"minecraft:iron_ingot":64,"minecraft:polished_andesite":204,"minecraft:oak_door":3,"minecraft:furnace":9,"minecraft:stone_button":9,"minecraft:glass_pane":16,"minecraft:oak_trapdoor":2,"minecraft:flint_and_steel":1,"irons_spellbooks:scroll_forge":1,"minecraft:polished_deepslate":4,"minecraft:iron_axe":3,"minecraft:iron_hoe":3,"minecraft:cobblestone_wall":30,"minecraft:cooked_beef":19,"minecraft:cooked_cod":1,"minecraft:stripped_oak_wood":3,"minecraft:stone_axe":1,"born_in_chaos_v1:scorched_planks":12,"minecraft:bread":167,"minecraft:air":0,"minecraft:oak_boat":1,"minecraft:stonecutter":1,"waystones:warp_dust":20,"minecraft:andesite":240,"minecraft:acacia_planks":116,"minecraft:torch":212},"minecraft:mined":{"minecraft:dark_oak_planks":16,"minecraft:white_bed":2,"minecraft:black_terracotta":4,"minecraft:obsidian":8,"minecraft:carved_pumpkin":2,"minecraft:granite":101,"hexerei:candelabra":17,"goety:shade_tiles_slab":2,"minecraft:coal_block":1,"minecraft:chiseled_stone_bricks":1,"minecraft:spawner":66,"minecraft:magma_block":1,"minecraft:fire":28,"minecraft:barrel":1,"minecraft:deepslate_lapis_ore":9,"minecraft:stripped_dark_oak_wood":6,"iceandfire:gold_pile":68,"minecraft:spruce_wood":4,"minecraft:orange_bed":1,"hexerei:witch_hazel_altar":1,"blocky_siege:cannon_ball_3":1,"minecraft:cut_sandstone":7,"minecraft:powder_snow":11,"minecraft:torch":38,"minecraft:blast_furnace":4,"vinery:red_grape_bush":1,"minecraft:melon":7,"born_in_chaos_v1:smoldering_scorched_log":3,"minecraft:sugar_cane":48,"minecraft:damaged_anvil":1,"minecraft:amethyst_block":1,"minecraft:wheat":5,"celestisynth:lunar_stone":29,"minecraft:stone_brick_stairs":2,"minecraft:grass":91,"minecraft:stonecutter":1,"minecraft:deepslate":213,"eidolon:deep_silver_ore":2,"iceandfire:silver_ore":7,"minecraft:mossy_cobblestone":8,"minecraft:dark_oak_log":4,"minecraft:dark_oak_fence":6,"minecraft:spruce_fence":4,"iceandfire:frozen_grass":1,"minecraft:jungle_planks":1,"minecraft:acacia_wood":30,"minecraft:andesite":37,"minecraft:potatoes":5,"hexerei:witch_hazel_window_pane":2,"hexerei:mixing_cauldron":1,"irons_spellbooks:inscription_table":2,"epicsamurai:jade_ore":2,"minecraft:smooth_sandstone":73,"minecraft:cornflower":1,"minecraft:emerald_ore":2,"blocky_siege:cannon_ball_1":1,"minecraft:copper_ore":30,"minecraft:tall_grass":19,"minecraft:deepslate_gold_ore":10,"minecraft:diorite":226,"minecraft:red_terracotta":1,"hexerei:pestle_and_mortar":1,"minecraft:cobblestone_wall":11,"minecraft:stripped_spruce_wood":6,"minecraft:spruce_log":361,"minecraft:mangrove_leaves":3,"minecraft:gravel":62,"minecraft:cobweb":5,"minecraft:stone_bricks":11,"minecraft:gold_ore":3,"minecraft:waxed_cut_copper_slab":1,"hexerei:herb_jar":2,"minecraft:spruce_planks":105,"minecraft:jungle_slab":1,"minecraft:brewing_stand":1,"minecraft:spruce_trapdoor":6,"minecraft:grass_block":191,"minecraft:glowstone":1,"minecraft:iron_ore":55,"born_in_chaos_v1:black_argillite_brick_stairs":18,"minecraft:target":2,"minecraft:dark_oak_stairs":3,"minecraft:end_stone_bricks":3,"minecraft:spruce_slab":6,"eidolon:lead_ore":5,"minecraft:deepslate_redstone_ore":6,"minecraft:gray_terracotta":4,"botania:orange_mystical_flower":1,"minecraft:chest":1,"iceandfire:frozen_dirt":3,"supplementaries:wild_flax":3,"minecraft:cobblestone":116,"minecraft:slime_block":1,"minecraft:oak_planks":9,"minecraft:wall_torch":11,"minecraft:deepslate_copper_ore":2,"minecraft:seagrass":1,"minecraft:stone_stairs":1,"minecraft:dark_oak_slab":1,"epicsamurai:aquamarine_ore":8,"born_in_chaos_v1:river_mint":4,"minecraft:oak_log":318,"minecraft:sand":80,"minecraft:dirt":230,"minecraft:crimson_planks":1,"vinery:apple_leaves":13,"minecraft:oak_leaves":157,"minecraft:emerald_block":1,"minecraft:crying_obsidian":8,"minecraft:deepslate_diamond_ore":2,"minecraft:candle":17,"minecraft:ladder":10,"minecraft:purple_terracotta":2,"eidolon:silver_ore":3,"minecraft:spruce_leaves":835,"blocky_siege:cannon":7,"minecraft:sandstone":65,"minecraft:rooted_dirt":1,"minecraft:large_fern":1,"minecraft:hay_block":58,"minecraft:oak_trapdoor":2,"minecraft:spruce_sapling":1,"minecraft:furnace":4,"minecraft:carrots":35,"minecraft:raw_gold_block":18,"minecraft:chiseled_sandstone":1,"minecraft:stripped_spruce_log":45,"minecraft:gold_block":6,"minecraft:bookshelf":78,"minecraft:deepslate_iron_ore":7,"hexerei:polished_witch_hazel_door":1,"minecraft:stripped_oak_log":22,"minecraft:stone":4111,"minecraft:pink_terracotta":1,"minecraft:podzol":1,"waystones:warp_plate":8,"minecraft:acacia_leaves":27,"minecraft:stripped_dark_oak_log":10,"minecraft:spruce_door":3,"minecraft:crafting_table":9,"born_in_chaos_v1:chipped_black_argillite_brick":3,"minecraft:lapis_ore":6,"supplementaries:cage":2,"supplementaries:urn":9,"minecraft:spruce_stairs":7,"minecraft:sweet_berry_bush":8,"minecraft:yellow_bed":3,"minecraft:coal_ore":231,"blocky_siege:cannon_ball_0":3,"minecraft:stripped_acacia_wood":2,"minecraft:polished_andesite":7,"minecraft:mossy_stone_bricks":4},"minecraft:killed":{"alexsmobs:lobster":1,"born_in_chaos_v1:zombie_lumberjack":4,"born_in_chaos_v1:restless_spirit":1,"irons_spellbooks:cryomancer":1,"iceandfire:stymphalian_bird":2,"born_in_chaos_v1:siamese_skeletonsright":1,"minecraft:skeleton":49,"majruszsdifficulty:creeperling":7,"irons_spellbooks:archevoker":1,"minecraft:salmon":1,"minecraft:pillager":29,"wrd:bait_snapper_closed":8,"minecraft:zombie":83,"born_in_chaos_v1:corpse_fly":3,"born_in_chaos_v1:door_knight":2,"minecraft:cow":23,"minecraft:vindicator":4,"alexsmobs:seagull":1,"born_in_chaos_v1:thornshell_crab":1,"minecraft:horse":2,"eidolon:wraith":14,"goety:hostile_black_wolf":2,"born_in_chaos_v1:barrel_zombie":7,"minecraft:husk":3,"majruszsdifficulty:cursed_armor":1,"born_in_chaos_v1:decrepit_skeleton":8,"iceandfire:ghost":5,"minecraft:witch":1,"irons_spellbooks:pyromancer":1,"minecraft:spider":15,"born_in_chaos_v1:scarlet_persecutor":4,"wrd:bait_snapper":5,"born_in_chaos_v1:firelight_not_despawn":3,"minecraft:pig":7,"irons_spellbooks:necromancer":1,"minecraft:creeper":8,"minecraft:sheep":11,"born_in_chaos_v1:zombie_fisherman":1,"minecraft:stray":1,"goety:wraith":4,"alexsmobs:fly":2,"born_in_chaos_v1:siamese_skeletonsleft":1,"alexsmobs:dropbear":2,"irons_spellbooks:summoned_zombie":1,"goety:maverick":13,"born_in_chaos_v1:zombie_clown_not_despawn":1,"born_in_chaos_v1:maggot":26,"minecraft:phantom":1,"iceandfire:fire_dragon":1,"minecraft:drowned":3,"born_in_chaos_v1:baby_skeleton":2,"born_in_chaos_v1:spirit_guide_assistant":1,"minecraft:hoglin":2,"minecraft:wither_skeleton":22},"minecraft:broken":{"minecraft:diamond_helmet":1,"minecraft:iron_boots":3,"minecraft:iron_chestplate":2,"minecraft:iron_leggings":3,"minecraft:diamond_pickaxe":2,"spartanshields:iron_basic_shield":1,"minecraft:iron_hoe":3,"minecraft:wooden_pickaxe":1,"minecraft:shield":2,"minecraft:iron_axe":1,"minecraft:iron_pickaxe":1,"minecraft:iron_helmet":4,"minecraft:diamond_boots":1,"minecraft:stone_axe":1,"minecraft:diamond_chestplate":1},"minecraft:custom":{"minecraft:interact_with_crafting_table":149,"minecraft:open_barrel":146,"minecraft:eat_cake_slice":4,"minecraft:leave_game":15,"minecraft:time_since_death":12161,"minecraft:damage_blocked_by_shield":11427,"minecraft:play_time":1340623,"minecraft:deaths":76,"minecraft:jump":27878,"minecraft:enchant_item":6,"minecraft:interact_with_furnace":131,"minecraft:traded_with_villager":33,"minecraft:sleep_in_bed":27,"minecraft:waystone_activated":14,"minecraft:damage_dealt":157166,"tombstone:undead_killed":216,"minecraft:damage_dealt_absorbed":205,"minecraft:sneak_time":76408,"minecraft:interact_with_blast_furnace":11,"minecraft:total_world_time":1340623,"tombstone:raider_killed":35,"minecraft:interact_with_stonecutter":3,"minecraft:time_since_rest":11915,"tombstone:cast_on_ally":3,"minecraft:swim_one_cm":535368,"minecraft:fly_one_cm":5835530,"minecraft:open_chest":774,"minecraft:fall_one_cm":857274,"minecraft:damage_resisted":194,"minecraft:sprint_one_cm":4112603,"minecraft:drop":513,"minecraft:interact_with_brewingstand":1,"minecraft:walk_on_water_one_cm":180456,"minecraft:player_kills":1,"minecraft:crouch_one_cm":202566,"minecraft:mob_kills":425,"minecraft:damage_dealt_resisted":3494,"minecraft:climb_one_cm":65174,"minecraft:walk_one_cm":3401139,"minecraft:walk_under_water_one_cm":223125,"minecraft:boat_one_cm":942521,"spartanshields:shield_bash_hits":12,"minecraft:raid_trigger":1,"minecraft:damage_taken":98729,"minecraft:damage_absorbed":6603},"minecraft:killed_by":{"eidolon:wraith":1,"goety:maverick":1,"minecraft:vindicator":3,"minecraft:zombie":10,"born_in_chaos_v1:scarlet_persecutor":3,"born_in_chaos_v1:zombie_lumberjack":1,"iceandfire:ghost":3,"goety:hostile_black_wolf":1,"minecraft:wither_skeleton":3,"minecraft:creeper":2,"born_in_chaos_v1:zombie_bruiser":1,"minecraft:drowned":1,"alexsmobs:crocodile":1,"iceandfire:fire_dragon":3,"minecraft:player":2,"minecraft:spider":3,"minecraft:hoglin":10,"minecraft:skeleton":13,"minecraft:phantom":3,"born_in_chaos_v1:corpse_fish":1},"minecraft:picked_up":{"minecraft:iron_chestplate":1,"vinery:red_grape":17,"minecraft:chainmail_boots":3,"minecraft:prismarine_shard":12,"minecraft:oak_stairs":1,"vinery:red_grape_seeds":3,"minecraft:enchanted_book":1,"minecraft:brewing_stand":1,"minecraft:amethyst_block":1,"minecraft:string":17,"born_in_chaos_v1:mesh_door":1,"waystones:warp_plate":10,"minecraft:gold_nugget":677,"minecraft:cobbled_deepslate":212,"bosses_of_mass_destruction:soul_star":4,"minecraft:spruce_planks":106,"celestisynth:lunar_stone":31,"minecraft:melon_slice":35,"minecraft:coal_block":1,"iceandfire:silver_ore":5,"irons_spellbooks:fire_rune":1,"minecraft:golden_chestplate":2,"minecraft:orange_bed":1,"minecraft:polished_basalt":2,"iceandfire:fire_dragon_heart":1,"minecraft:carved_pumpkin":2,"supplementaries:ash":32,"supplementaries:quiver":1,"minecraft:blaze_rod":5,"hexerei:polished_witch_hazel_door":1,"eidolon:raw_silver":5,"minecraft:water_bucket":1,"spartanshields:iron_basic_shield":1,"minecraft:flint":5,"minecraft:stripped_spruce_wood":6,"tombstone:familiar_receptacle":4,"minecraft:stonecutter":1,"minecraft:gray_terracotta":2,"minecraft:glowstone_dust":1,"hexerei:animal_fat":18,"minecraft:stripped_acacia_wood":1,"iceandfire:dragon_skull_fire":2,"minecraft:stripped_spruce_log":45,"sophisticatedbackpacks:iron_backpack":1,"minecraft:ink_sac":2,"iceandfire:lightning_dragon_heart":1,"minecraft:fermented_spider_eye":3,"minecraft:dark_oak_log":3,"minecraft:barrel":2,"alexsmobs:animal_dictionary":1,"hexerei:witch_hazel_altar":1,"minecraft:bundle":8,"irons_spellbooks:ice_rune":1,"minecraft:polished_andesite":7,"minecraft:granite":101,"goety:tall_skull":1,"minecraft:bread":10,"minecraft:rooted_dirt":1,"born_in_chaos_v1:rotten_fish":4,"minecraft:dark_oak_fence":6,"iceandfire:dragon_skull_lightning":2,"minecraft:crafting_table":9,"blocky_siege:cannon":6,"minecraft:purple_wool":1,"iceandfire:witherbone":9,"minecraft:cornflower":3,"iceandfire:frozen_grass":2,"epicsamurai:jade":2,"camera:image_frame":2,"minecraft:iron_shovel":1,"minecraft:beef":39,"born_in_chaos_v1:gnawed_bones":1,"vinery:cherry":13,"minecraft:spruce_slab":6,"minecraft:chest":2,"minecraft:egg":19,"minecraft:sandstone":45,"minecraft:raw_gold_block":18,"minecraft:oak_door":1,"minecraft:spruce_fence":4,"minecraft:carrot":146,"minecraft:redstone":26,"minecraft:prismarine_crystals":3,"irons_spellbooks:evocation_rune":1,"minecraft:cooked_cod":1,"minecraft:hay_block":70,"born_in_chaos_v1:spiny_shell":4,"minecraft:gold_ingot":102,"sophisticatedbackpacks:copper_backpack":1,"hexerei:blood_sigil":1,"botania:green_mystical_flower":1,"minecraft:mutton":17,"minecraft:white_wool":7,"minecraft:stripped_oak_log":22,"born_in_chaos_v1:monster_flesh":1,"vinery:rotten_cherry":2,"minecraft:acacia_wood":29,"minecraft:filled_map":1,"minecraft:oak_log":320,"hexerei:crow_blank_amulet":2,"minecraft:paper":1,"minecraft:white_banner":2,"tombstone:gift":1,"minecraft:apple":51,"minecraft:stone_bricks":9,"minecraft:kelp":9,"minecraft:glass_bottle":3,"epicsamurai:aquamarine":8,"blocky_siege:cannon_ball_0":11,"minecraft:iron_sword":7,"minecraft:dark_oak_stairs":12,"minecraft:dark_oak_slab":3,"minecraft:sweet_berries":15,"born_in_chaos_v1:ethereal_spirit":2,"minecraft:gravel":139,"minecraft:spruce_sapling":62,"minecraft:spruce_log":357,"minecraft:crying_obsidian":8,"minecraft:slime_ball":18,"minecraft:brown_banner":2,"minecraft:stripped_dark_oak_log":10,"minecraft:mangrove_propagule":1,"minecraft:ender_pearl":1,"irons_spellbooks:scroll":4,"minecraft:wheat":12,"minecraft:black_carpet":9,"minecraft:potion":1,"hexerei:herb_drying_rack_full":1,"minecraft:waxed_cut_copper_slab":2,"minecraft:raw_copper":116,"minecraft:iron_leggings":1,"minecraft:experience_bottle":3,"vinery:savanna_grapes_red":12,"minecraft:oak_sign":2,"alexsmobs:dropbear_claw":1,"minecraft:sea_pickle":1,"irons_spellbooks:arcane_essence":11,"goety:ectoplasm":2,"minecraft:bucket":1,"minecraft:cobblestone_slab":3,"minecraft:wooden_shovel":2,"born_in_chaos_v1:smoldering_scorched_log":3,"irons_spellbooks:inscription_table":2,"minecraft:iron_boots":3,"minecraft:furnace":4,"minecraft:tipped_arrow":1,"minecraft:stick":91,"minecraft:torch":75,"minecraft:spruce_stairs":8,"minecraft:porkchop":20,"minecraft:target":2,"iceandfire:rotten_egg":1,"tombstone:grave_dust":24,"minecraft:diorite":214,"eidolon:tattered_cloth":3,"hexerei:candelabra":18,"minecraft:rotten_flesh":112,"minecraft:obsidian":10,"minecraft:cod":4,"minecraft:blaze_powder":2,"minecraft:cobblestone":4205,"minecraft:andesite":32,"minecraft:potato":19,"supplementaries:flax_seeds":5,"minecraft:wither_skeleton_skull":1,"minecraft:lapis_lazuli":74,"minecraft:dirt":407,"born_in_chaos_v1:monster_skin":1,"minecraft:bone":96,"minecraft:bow":1,"minecraft:wheat_seeds":40,"minecraft:raw_gold":14,"tombstone:scroll_of_reach":1,"minecraft:mossy_stone_bricks":2,"camera:image":3,"minecraft:oak_planks":27,"minecraft:black_terracotta":3,"irons_spellbooks:frozen_bone":8,"goety:jade":5,"minecraft:poisonous_potato":2,"vinery:white_grape":19,"minecraft:jungle_planks":7,"minecraft:sand":57,"iceandfire:frozen_dirt":5,"minecraft:jungle_slab":19,"minecraft:chiseled_sandstone":6,"minecraft:mossy_cobblestone":7,"eidolon:raw_lead":5,"minecraft:yellow_carpet":1,"vinery:jungle_grapes_red":157,"born_in_chaos_v1:fire_dust":4,"minecraft:diamond":44,"minecraft:slime_block":1,"waystones:waystone":10,"minecraft:golden_apple":5,"minecraft:emerald":40,"minecraft:oak_sapling":71,"irons_spellbooks:uncommon_ink":1,"minecraft:end_stone_bricks":3,"minecraft:allium":1,"born_in_chaos_v1:river_mint":6,"minecraft:ladder":19,"iceandfire:chain":5,"minecraft:gold_block":7,"minecraft:shield":1,"minecraft:oak_trapdoor":2,"minecraft:stone_stairs":1,"minecraft:moss_carpet":6,"minecraft:blue_orchid":2,"minecraft:candle":43,"minecraft:oak_boat":10,"irons_spellbooks:epic_ink":1,"minecraft:player_head":3,"minecraft:light_gray_wool":1,"supplementaries:cage":2,"minecraft:sugar_cane":86,"minecraft:spruce_trapdoor":12,"hexerei:witch_hazel_window_pane":1,"minecraft:raw_iron":63,"iceandfire:dragonscales_gray":12,"iceandfire:dragonbone":22,"minecraft:bowl":1,"botania:mana_bottle":1,"minecraft:stone_button":2,"minecraft:purple_terracotta":2,"minecraft:dark_oak_planks":23,"hexerei:sage_seed":16,"minecraft:arrow":39,"minecraft:stripped_dark_oak_wood":17,"born_in_chaos_v1:corpse_maggot":16,"minecraft:golden_carrot":6,"minecraft:glow_ink_sac":2,"minecraft:leather":30,"minecraft:cut_sandstone":27,"minecraft:chainmail_chestplate":1,"iceandfire:ectoplasm":1,"minecraft:gunpowder":19,"minecraft:yellow_bed":3,"minecraft:cobblestone_wall":14,"irons_spellbooks:rare_ink":2,"irons_spellbooks:common_ink":2,"minecraft:smooth_sandstone":94,"minecraft:red_carpet":7,"hexerei:pestle_and_mortar":1,"minecraft:spruce_wood":3,"minecraft:iron_ingot":137,"minecraft:cooked_chicken":1,"minecraft:acacia_sapling":1,"iceandfire:fire_dragon_flesh":3,"hexerei:mixing_cauldron":1,"minecraft:book":234,"goety:shade_tiles_slab":1,"minecraft:oak_slab":12,"minecraft:emerald_block":1,"minecraft:pumpkin":2,"spartanshields:wooden_tower_shield":1,"minecraft:amethyst_shard":13,"waystones:attuned_shard":8,"minecraft:blast_furnace":4,"minecraft:white_bed":2,"minecraft:spider_eye":3,"minecraft:spruce_door":3,"hexerei:herb_jar":3,"minecraft:iron_helmet":1,"tombstone:magic_scroll":5,"minecraft:acacia_slab":1,"minecraft:damaged_anvil":1,"minecraft:coal":256},"minecraft:dropped":{"hexerei:wax_blend":6,"minecraft:iron_sword":5,"minecraft:lapis_lazuli":7,"minecraft:cooked_beef":1,"minecraft:glow_ink_sac":2,"minecraft:glass_bottle":9,"minecraft:diamond":76,"minecraft:crafting_table":1,"iceandfire:frozen_dirt":6,"hexerei:crow_blank_amulet":1,"vinery:white_grape_seeds":1,"iceandfire:ectoplasm":1,"minecraft:brown_banner":2,"minecraft:emerald":166,"minecraft:gold_block":4,"minecraft:dirt":54,"minecraft:grass":64,"minecraft:stone_button":2,"spartanshields:wooden_tower_shield":2,"minecraft:stripped_dark_oak_wood":2,"minecraft:gold_nugget":64,"minecraft:sand":2,"minecraft:iron_pickaxe":1,"minecraft:fermented_spider_eye":3,"tombstone:familiar_receptacle":3,"minecraft:white_wool":1,"minecraft:bone":13,"minecraft:waxed_cut_copper_slab":1,"minecraft:oak_door":3,"minecraft:waxed_cut_copper_stairs":1,"minecraft:sugar_cane":13,"minecraft:iron_nugget":28,"minecraft:golden_chestplate":2,"alexsmobs:animal_dictionary":2,"minecraft:cobbled_deepslate":4,"minecraft:wheat":3,"tombstone:gift":1,"camera:image":2,"minecraft:rotten_flesh":28,"minecraft:oak_planks":10,"minecraft:enchanted_golden_apple":2,"iceandfire:frozen_grass":2,"minecraft:tipped_arrow":1,"minecraft:ladder":7,"minecraft:acacia_sapling":1,"minecraft:leather_leggings":1,"minecraft:spruce_slab":8,"minecraft:end_stone_bricks":3,"minecraft:beef":1,"minecraft:egg":16,"minecraft:enchanted_book":2,"minecraft:iron_ingot":83,"minecraft:wheat_seeds":39,"minecraft:smooth_quartz_stairs":1,"minecraft:golden_horse_armor":1,"hexerei:witch_hazel_window_pane":1,"minecraft:oak_fence":2,"minecraft:prismarine_crystals":3,"minecraft:cobblestone":520,"eidolon:tattered_cloth":1,"minecraft:granite":4,"vinery:jungle_grape_seeds_red":14,"spartanshields:iron_basic_shield":2,"minecraft:coal":8,"minecraft:golden_apple":10,"minecraft:cobweb":1,"minecraft:potion":1,"minecraft:oak_stairs":3,"minecraft:white_banner":2,"minecraft:string":4,"minecraft:paper":4,"minecraft:smooth_sandstone":4,"minecraft:acacia_planks":2,"vinery:cherry":6,"waystones:attuned_shard":14,"iceandfire:dragonscales_gray":12,"minecraft:moss_carpet":6,"hexerei:animal_fat":4,"hexerei:sage_seed":8,"minecraft:player_head":1,"minecraft:cobblestone_wall":7,"minecraft:bowl":3,"born_in_chaos_v1:rotten_fish":4,"minecraft:experience_bottle":4,"minecraft:iron_boots":2,"sophisticatedbackpacks:backpack":1,"waystones:warp_plate":3,"supplementaries:cage":1,"minecraft:diamond_sword":1,"minecraft:potato":2,"minecraft:cobblestone_slab":6,"minecraft:hay_block":20,"minecraft:sea_pickle":2,"minecraft:spruce_trapdoor":11,"minecraft:bundle":6,"minecraft:spruce_planks":9,"goety:tall_skull":1,"minecraft:barrel":1,"minecraft:spider_eye":1,"minecraft:sandstone":2,"minecraft:bow":1,"minecraft:blue_orchid":2,"waystones:waystone":1,"iceandfire:dragon_skull_lightning":1,"minecraft:candle":13,"minecraft:oak_log":8,"minecraft:ender_pearl":9,"iceandfire:fire_dragon_flesh":2,"vinery:rotten_cherry":2,"minecraft:cod":2,"minecraft:cornflower":2,"botania:green_mystical_flower":1,"minecraft:cooked_cod":2,"minecraft:gold_ingot":454,"vinery:red_grape_seeds":2,"minecraft:gravel":22,"born_in_chaos_v1:fire_dust":1,"minecraft:stone_stairs":1,"minecraft:carrot":1,"patchouli:guide_book":1,"minecraft:chiseled_stone_bricks":1,"supplementaries:ash":25,"iceandfire:chain":1,"minecraft:gunpowder":9,"born_in_chaos_v1:corpse_maggot":12,"minecraft:acacia_slab":1,"minecraft:chainmail_boots":2,"minecraft:arrow":1,"minecraft:bread":1,"minecraft:oak_slab":2,"minecraft:golden_helmet":1,"minecraft:mossy_cobblestone":2,"minecraft:diamond_leggings":1,"minecraft:poisonous_potato":1,"minecraft:mangrove_propagule":1,"minecraft:spruce_stairs":1,"minecraft:stick":41,"irons_spellbooks:scroll":1,"minecraft:diorite":4,"born_in_chaos_v1:river_mint":6,"tombstone:grave_dust":13,"minecraft:iron_leggings":1,"minecraft:iron_axe":1,"minecraft:bucket":3,"iceandfire:dragonbone":10,"minecraft:kelp":6,"minecraft:sweet_berries":15,"iceandfire:lightning_dragon_heart":1,"minecraft:raw_iron":7,"alexsmobs:blobfish":1,"minecraft:light_gray_wool":1,"iceandfire:silver_ore":1,"minecraft:stripped_acacia_wood":2,"minecraft:filled_map":2,"minecraft:diamond_chestplate":1,"minecraft:iron_chestplate":1,"born_in_chaos_v1:spiny_shell":3,"minecraft:andesite":3,"minecraft:mossy_stone_bricks":2,"minecraft:oak_boat":2,"minecraft:oak_sapling":1,"botania:mana_bottle":1,"minecraft:diamond_boots":1,"minecraft:slime_ball":34,"minecraft:spruce_log":2,"iceandfire:fire_dragon_heart":1,"minecraft:stone_pickaxe":2,"goety:spider_egg":1}},"DataVersion":3120}