{"stats":{"minecraft:mined":{"hexerei:herb_jar":1,"minecraft:large_amethyst_bud":2,"minecraft:spruce_planks":14,"minecraft:white_bed":48,"minecraft:oak_sapling":1,"sophisticatedbackpacks:gold_backpack":1,"minecraft:jungle_leaves":119,"minecraft:red_nether_bricks":1,"minecraft:brewing_stand":2,"minecraft:obsidian":3,"minecraft:granite":5,"minecraft:grass_block":720,"minecraft:jungle_log":763,"minecraft:soul_soil":3,"minecraft:composter":4,"minecraft:spawner":10,"minecraft:weeping_vines_plant":1,"minecraft:tall_seagrass":1,"epicsamurai:deepslate_jade_ore":8,"minecraft:glowstone":1,"minecraft:cobbled_deepslate":3,"minecraft:barrel":2,"minecraft:iron_ore":80,"born_in_chaos_v1:black_argillite_brick_slab":2,"minecraft:fire":48,"born_in_chaos_v1:black_argillite_brick_stairs":6,"minecraft:fletching_table":18,"minecraft:deepslate_lapis_ore":11,"minecraft:stripped_dark_oak_wood":1,"minecraft:enchanting_table":1,"minecraft:pointed_dripstone":3,"minecraft:dirt_path":1,"minecraft:iron_bars":2,"botania:light_blue_mystical_flower":1,"minecraft:spruce_slab":1,"minecraft:tripwire":1,"hexerei:witch_hazel_altar":2,"minecraft:deepslate_redstone_ore":2,"hexerei:witch_hazel_drying_rack":3,"minecraft:soul_fire":6,"minecraft:powder_snow":7,"minecraft:torch":2,"born_in_chaos_v1:infected_deepslate_diamond_ore":1,"minecraft:blast_furnace":12,"minecraft:calcite":1,"iceandfire:ghost_chest":1,"minecraft:chest":2,"minecraft:nether_quartz_ore":20,"minecraft:cobblestone":121,"minecraft:cyan_bed":2,"minecraft:grindstone":1,"minecraft:oak_planks":27,"minecraft:sugar_cane":8,"minecraft:wall_torch":6,"minecraft:cauldron":2,"minecraft:seagrass":1,"minecraft:dark_oak_slab":1,"minecraft:nether_wart_block":1,"minecraft:wheat":1,"celestisynth:solar_crystal":35,"minecraft:grass":213,"minecraft:oak_log":215,"minecraft:sand":2,"minecraft:dirt":1105,"minecraft:crimson_planks":11,"minecraft:stripped_birch_wood":13,"minecraft:dispenser":1,"minecraft:netherrack":128,"minecraft:oak_leaves":144,"minecraft:deepslate":52,"minecraft:nether_gold_ore":6,"minecraft:crying_obsidian":3,"minecraft:tuff":14,"eidolon:deep_silver_ore":1,"blocky_siege:barrel_of_gunpowder":2,"epicsamurai:deepslate_onyx_ore":8,"minecraft:deepslate_diamond_ore":3,"born_in_chaos_v1:infected_diamond_ore":1,"minecraft:nether_bricks":2,"minecraft:purple_terracotta":2,"minecraft:jungle_planks":17,"minecraft:crimson_roots":6,"minecraft:crimson_stem":5,"iceandfire:chared_grass":1,"minecraft:hay_block":4,"epicsamurai:onyx_ore":3,"minecraft:redstone_ore":8,"blocky_siege:reinforced_spruce_trapdoor":1,"minecraft:furnace":5,"minecraft:carrots":77,"minecraft:jungle_sapling":10,"hexerei:crystal_ball":1,"minecraft:andesite":16,"minecraft:bookshelf":14,"minecraft:potatoes":130,"minecraft:deepslate_iron_ore":48,"minecraft:cobblestone_slab":1,"minecraft:vine":68,"hexerei:witch_hazel_window_pane":1,"irons_spellbooks:inscription_table":2,"minecraft:stone":394,"epicsamurai:jade_ore":4,"epicsamurai:deepslate_aquamarine_ore":1,"minecraft:crafting_table":7,"minecraft:cornflower":4,"minecraft:emerald_ore":2,"botania:pink_mushroom":1,"minecraft:lectern":7,"minecraft:tall_grass":53,"minecraft:copper_ore":6,"born_in_chaos_v1:chipped_black_argillite_brick":3,"minecraft:deepslate_gold_ore":17,"minecraft:lapis_ore":10,"minecraft:diorite":14,"supplementaries:urn":12,"botania:pink_mystical_flower":1,"minecraft:purple_bed":1,"botania:red_double_flower":1,"hexerei:pestle_and_mortar":1,"minecraft:purple_concrete":4,"minecraft:yellow_bed":5,"minecraft:mangrove_slab":1,"minecraft:coal_ore":212,"minecraft:gravel":140,"minecraft:cobweb":9,"minecraft:stripped_acacia_wood":10,"minecraft:fern":2},"minecraft:killed_by":{"minecraft:ghast":1,"goety:wraith":1,"born_in_chaos_v1:nightmare_stalker":2,"minecraft:wither_skeleton":4,"iceandfire:siren":1,"minecraft:creeper":2,"alexsmobs:leafcutter_ant":2,"born_in_chaos_v1:zombie_bruiser":1,"alexsmobs:straddler":1,"eidolon:wraith":2,"minecraft:drowned":2,"alexsmobs:murmur_head":1,"minecraft:magma_cube":1,"eidolon:zombie_brute":1,"minecraft:vindicator":2,"born_in_chaos_v1:diamond_termite":1,"alexsmobs:crocodile":1,"minecraft:blaze":1,"alexsmobs:soul_vulture":1,"born_in_chaos_v1:siamese_skeletons":1,"minecraft:witch":1,"minecraft:zombie":23,"iceandfire:fire_dragon":5,"minecraft:husk":2,"minecraft:player":3,"born_in_chaos_v1:bloody_gadfly":1,"minecraft:stray":1,"minecraft:spider":2,"born_in_chaos_v1:bone_imp":1,"born_in_chaos_v1:firelight":3,"born_in_chaos_v1:barrel_zombie":1,"minecraft:hoglin":15,"minecraft:skeleton":4,"minecraft:phantom":2,"alexsmobs:crimson_mosquito":2,"born_in_chaos_v1:dread_hound":1,"guardvillagers:guard":1},"minecraft:custom":{"minecraft:interact_with_crafting_table":114,"minecraft:open_barrel":42,"minecraft:eat_cake_slice":7,"minecraft:leave_game":21,"minecraft:time_since_death":2612,"minecraft:sprint_one_cm":1967851,"minecraft:damage_blocked_by_shield":10145,"minecraft:drop":613,"minecraft:talked_to_villager":138,"minecraft:play_time":1116581,"minecraft:deaths":110,"minecraft:jump":22293,"minecraft:walk_on_water_one_cm":228394,"minecraft:enchant_item":2,"minecraft:interact_with_furnace":78,"minecraft:traded_with_villager":265,"minecraft:sleep_in_bed":37,"minecraft:waystone_activated":20,"minecraft:damage_dealt":55091,"minecraft:player_kills":1,"minecraft:crouch_one_cm":73407,"tombstone:undead_killed":80,"minecraft:use_cauldron":2,"minecraft:inspect_dispenser":3,"minecraft:mob_kills":172,"minecraft:damage_dealt_resisted":650,"minecraft:climb_one_cm":51074,"minecraft:walk_one_cm":2577568,"minecraft:sneak_time":24639,"minecraft:walk_under_water_one_cm":317575,"minecraft:boat_one_cm":1435867,"minecraft:interact_with_blast_furnace":24,"minecraft:total_world_time":1116581,"spartanshields:shield_bash_hits":1,"tombstone:raider_killed":21,"minecraft:time_since_rest":213,"minecraft:damage_taken":103043,"minecraft:damage_absorbed":38,"minecraft:swim_one_cm":294083,"minecraft:fly_one_cm":4093434,"minecraft:open_chest":556,"minecraft:fish_caught":19,"minecraft:fall_one_cm":911075},"minecraft:picked_up":{"minecraft:wheat":4,"minecraft:prismarine_shard":11,"minecraft:oak_stairs":3,"minecraft:enchanted_book":1,"minecraft:turtle_egg":1,"minecraft:potion":2,"hexerei:herb_drying_rack_full":1,"minecraft:nether_brick":6,"minecraft:crimson_planks":12,"minecraft:brewing_stand":2,"minecraft:golden_sword":2,"iceandfire:manuscript":8,"minecraft:string":17,"minecraft:soul_soil":3,"minecraft:raw_copper":19,"minecraft:red_nether_bricks":2,"minecraft:pufferfish":2,"alexsmobs:dropbear_claw":2,"alexsmobs:blood_sac":1,"goety:ectoplasm":3,"alexsmobs:banana":8,"minecraft:gold_nugget":53,"minecraft:cobbled_deepslate":59,"minecraft:bucket":1,"minecraft:spruce_planks":24,"minecraft:cobblestone_slab":1,"minecraft:calcite":1,"minecraft:iron_pickaxe":2,"irons_spellbooks:inscription_table":2,"minecraft:furnace":5,"minecraft:stick":59,"iceandfire:ghost_chest":2,"blocky_siege:barrel_of_gunpowder":2,"minecraft:composter":4,"minecraft:torch":21,"botania:black_mushroom":1,"minecraft:porkchop":9,"hexerei:cloth":2,"minecraft:pointed_dripstone":4,"tombstone:grave_dust":17,"minecraft:diorite":13,"born_in_chaos_v1:black_argillite_brick_stairs":6,"minecraft:golden_chestplate":1,"minecraft:goat_horn":1,"minecraft:cauldron":2,"eidolon:tattered_cloth":7,"minecraft:rotten_flesh":75,"supplementaries:antique_ink":3,"alexsmobs:emu_egg":3,"supplementaries:ash":43,"minecraft:cod":17,"minecraft:blaze_rod":1,"minecraft:stripped_birch_wood":13,"minecraft:obsidian":5,"minecraft:iron_bars":4,"hexerei:waxing_kit":2,"minecraft:cobblestone":500,"minecraft:nautilus_shell":1,"minecraft:enchanting_table":1,"eidolon:raw_silver":1,"minecraft:andesite":13,"minecraft:jungle_log":757,"minecraft:potato":483,"hexerei:witch_hazel_drying_rack":5,"minecraft:flint":7,"minecraft:tuff":8,"supplementaries:flax_seeds":1,"born_in_chaos_v1:black_argillite_button":1,"minecraft:dirt":1818,"minecraft:lapis_lazuli":146,"minecraft:mangrove_slab":1,"born_in_chaos_v1:monster_skin":2,"minecraft:purple_carpet":4,"irons_spellbooks:hogskin":1,"minecraft:bone":43,"hexerei:wax_blend":6,"botania:pink_mystical_flower":1,"minecraft:wheat_seeds":56,"minecraft:raw_gold":24,"minecraft:grindstone":1,"minecraft:fletching_table":18,"alexsmobs:gongylidia":1,"minecraft:glowstone_dust":15,"minecraft:oak_planks":69,"hexerei:animal_fat":3,"minecraft:cooked_porkchop":1,"minecraft:stripped_acacia_wood":8,"minecraft:poisonous_potato":2,"minecraft:sand":1,"minecraft:jungle_planks":15,"minecraft:ink_sac":4,"minecraft:grass_block":6,"minecraft:cyan_bed":2,"minecraft:barrel":2,"hexerei:witch_hazel_altar":2,"minecraft:bundle":1,"minecraft:dispenser":1,"vinery:jungle_grapes_red":87,"born_in_chaos_v1:fire_dust":4,"minecraft:diamond":3,"waystones:waystone":20,"minecraft:crossbow":1,"minecraft:granite":5,"minecraft:bone_meal":1,"minecraft:golden_apple":1,"minecraft:bread":14,"minecraft:chainmail_helmet":3,"goety:tall_skull":1,"minecraft:emerald":11,"born_in_chaos_v1:rotten_fish":2,"minecraft:oak_sapling":27,"minecraft:bricks":3,"minecraft:netherrack":153,"minecraft:crimson_roots":3,"minecraft:fishing_rod":1,"iceandfire:dragon_skull_lightning":3,"sophisticatedbackpacks:gold_backpack":3,"minecraft:cocoa_beans":6,"minecraft:crafting_table":8,"minecraft:ladder":1,"minecraft:azure_bluet":1,"minecraft:nether_wart":3,"iceandfire:witherbone":2,"minecraft:clay_ball":3,"iceandfire:chain":2,"minecraft:shield":1,"minecraft:cornflower":6,"hexerei:crystal_ball":1,"epicsamurai:jade":12,"iceandfire:graveyard_soil":6,"minecraft:beef":11,"minecraft:oak_boat":34,"born_in_chaos_v1:gnawed_bones":1,"minecraft:player_head":5,"minecraft:jungle_sapling":67,"minecraft:iron_nugget":39,"minecraft:poppy":3,"minecraft:spruce_slab":1,"minecraft:lectern":7,"minecraft:sugar_cane":17,"minecraft:chest":2,"hexerei:witch_hazel_window_pane":1,"minecraft:egg":1,"minecraft:raw_iron":127,"iceandfire:dragonbone":42,"minecraft:oak_door":1,"iceandfire:chared_grass":1,"minecraft:fire_charge":2,"botania:pink_mushroom":1,"minecraft:carrot":289,"minecraft:redstone":47,"minecraft:prismarine_crystals":2,"minecraft:purple_terracotta":4,"hexerei:sage_seed":33,"minecraft:arrow":23,"iceandfire:silver_ingot":3,"minecraft:weeping_vines":1,"celestisynth:solar_crystal":27,"minecraft:hay_block":5,"minecraft:stripped_dark_oak_wood":1,"minecraft:saddle":2,"minecraft:gold_ingot":6,"hexerei:blood_sigil":1,"minecraft:mutton":10,"minecraft:white_wool":9,"minecraft:oxeye_daisy":2,"born_in_chaos_v1:corpse_maggot":19,"minecraft:jungle_boat":4,"minecraft:basalt":4,"minecraft:crimson_stem":5,"minecraft:salmon":7,"minecraft:leather":9,"minecraft:filled_map":3,"minecraft:oak_log":217,"minecraft:chainmail_chestplate":10,"iceandfire:ectoplasm":8,"minecraft:jungle_button":3,"minecraft:nether_wart_block":1,"minecraft:yellow_bed":7,"minecraft:gunpowder":19,"tombstone:gift":1,"botania:light_blue_mystical_flower":1,"minecraft:apple":8,"minecraft:stone_bricks":1,"minecraft:kelp":4,"hexerei:pestle_and_mortar":3,"biomancy:mob_sinew":1,"minecraft:iron_ingot":21,"born_in_chaos_v1:chipped_black_argillite_brick":1,"minecraft:cobweb":3,"tombstone:bag_of_seeds":1,"minecraft:glass_bottle":1,"epicsamurai:aquamarine":1,"minecraft:iron_sword":2,"minecraft:purple_concrete":4,"minecraft:book":42,"epicsamurai:onyx":11,"minecraft:sweet_berries":4,"minecraft:quartz":31,"iceandfire:ash":1,"born_in_chaos_v1:ethereal_spirit":4,"minecraft:dandelion":12,"minecraft:dripstone_block":4,"minecraft:gravel":131,"minecraft:amethyst_shard":13,"minecraft:blast_furnace":12,"minecraft:white_bed":50,"minecraft:crying_obsidian":3,"botania:red_double_flower":3,"alexsmobs:raw_catfish":1,"minecraft:diamond_shovel":1,"minecraft:purple_bed":1,"minecraft:slime_ball":1,"hexerei:herb_jar":2,"minecraft:chainmail_leggings":4,"minecraft:iron_helmet":1,"minecraft:gray_wool":2,"minecraft:baked_potato":6,"minecraft:coal":332,"minecraft:ender_pearl":3},"minecraft:killed":{"minecraft:witch":1,"minecraft:spider":5,"minecraft:cod":3,"minecraft:skeleton":17,"born_in_chaos_v1:firelight_not_despawn":2,"minecraft:magma_cube":2,"minecraft:piglin":2,"minecraft:pig":1,"minecraft:zombie_villager":1,"born_in_chaos_v1:bone_imp":1,"alexsmobs:crimson_mosquito":3,"minecraft:sheep":5,"minecraft:pillager":4,"minecraft:zombie":41,"born_in_chaos_v1:corpse_fly":8,"goety:wraith":3,"minecraft:cow":5,"goety:maverick":2,"minecraft:vindicator":15,"born_in_chaos_v1:firelight":3,"born_in_chaos_v1:maggot":8,"eidolon:wraith":5,"minecraft:drowned":2,"born_in_chaos_v1:barrel_zombie":2,"minecraft:husk":4,"minecraft:hoglin":2,"born_in_chaos_v1:decrepit_skeleton":1,"born_in_chaos_v1:bloody_gadfly":1,"minecraft:wither_skeleton":3,"minecraft:enderman":1},"minecraft:crafted":{"minecraft:jungle_button":6,"minecraft:grindstone":1,"minecraft:oak_planks":872,"minecraft:chainmail_helmet":4,"minecraft:cobblestone_slab":6,"minecraft:barrel":3,"minecraft:stone":44,"minecraft:diamond_shovel":1,"minecraft:bookshelf":9,"spartanshields:iron_basic_shield":1,"minecraft:hopper":1,"minecraft:diamond_helmet":1,"minecraft:diamond_leggings":1,"minecraft:bow":1,"minecraft:iron_boots":2,"tombstone:grave_key":3,"minecraft:chest":15,"minecraft:stone_hoe":1,"minecraft:golden_boots":1,"minecraft:emerald":211,"minecraft:arrow":96,"sophisticatedbackpacks:backpack":2,"irons_spellbooks:copper_spell_book":1,"minecraft:cauldron":1,"minecraft:cooked_porkchop":1,"minecraft:diamond_axe":1,"minecraft:crafting_table":21,"minecraft:jungle_boat":1,"minecraft:iron_helmet":11,"minecraft:wooden_pickaxe":4,"minecraft:baked_potato":160,"minecraft:chainmail_chestplate":11,"minecraft:copper_ingot":16,"minecraft:fletching_table":3,"minecraft:birch_planks":52,"minecraft:iron_chestplate":2,"minecraft:paper":12,"minecraft:diamond_pickaxe":1,"minecraft:shield":3,"minecraft:stone_slab":6,"minecraft:stick":6594,"minecraft:iron_ingot":59,"minecraft:iron_pickaxe":3,"minecraft:stone_sword":1,"minecraft:gold_ingot":15,"spartanshields:wooden_basic_shield":1,"minecraft:shears":1,"minecraft:jungle_sign":24,"minecraft:stone_shovel":1,"minecraft:furnace":6,"minecraft:bone_meal":51,"minecraft:flint_and_steel":1,"eidolon:silver_axe":1,"minecraft:iron_axe":1,"minecraft:ladder":27,"born_in_chaos_v1:fried_maggot":9,"minecraft:stone_pickaxe":6,"minecraft:diamond_boots":1,"minecraft:dark_oak_planks":8,"minecraft:chainmail_leggings":12,"sophisticatedbackpacks:iron_backpack":2,"minecraft:wheat":45,"minecraft:cooked_beef":6,"minecraft:cooked_cod":14,"minecraft:crimson_planks":20,"minecraft:enchanting_table":1,"minecraft:iron_sword":5,"sophisticatedbackpacks:gold_backpack":2,"minecraft:bucket":3,"minecraft:stone_axe":6,"minecraft:jungle_slab":6,"minecraft:jungle_planks":3008,"minecraft:bread":15,"minecraft:air":0,"minecraft:oak_boat":13,"minecraft:iron_shovel":1,"minecraft:iron_leggings":3,"minecraft:white_bed":1,"minecraft:acacia_planks":32,"minecraft:torch":146,"minecraft:diamond_chestplate":1},"minecraft:dropped":{"minecraft:baked_potato":6,"minecraft:glass_bottle":3,"minecraft:crafting_table":1,"minecraft:cooked_porkchop":1,"minecraft:weeping_vines":1,"eidolon:raw_silver":1,"minecraft:cod":6,"sophisticatedbackpacks:gold_backpack":1,"born_in_chaos_v1:monster_skin":1,"minecraft:cornflower":3,"minecraft:mutton":3,"minecraft:crimson_roots":1,"minecraft:gold_nugget":7,"minecraft:bone_block":1,"minecraft:bone_meal":1,"iceandfire:ash":2,"minecraft:sand":1,"minecraft:iron_pickaxe":1,"minecraft:mangrove_slab":1,"minecraft:gold_ingot":3,"minecraft:oak_door":1,"minecraft:gravel":19,"minecraft:stone_axe":2,"minecraft:nether_brick":6,"born_in_chaos_v1:fire_dust":7,"minecraft:golden_chestplate":1,"hexerei:blood_sigil":1,"tombstone:gift":1,"minecraft:rotten_flesh":9,"minecraft:oak_planks":10,"minecraft:diamond_shovel":1,"goety:ectoplasm":1,"minecraft:carrot":124,"minecraft:chainmail_chestplate":8,"minecraft:leather_chestplate":1,"supplementaries:flax_seeds":1,"eidolon:silver_axe":1,"supplementaries:ash":1,"iceandfire:ghost_chest":1,"goety:jade":5,"born_in_chaos_v1:corpse_maggot":7,"minecraft:ladder":7,"tombstone:scroll_of_knowledge":1,"minecraft:basalt":1,"minecraft:red_nether_bricks":2,"minecraft:iron_bars":4,"minecraft:quartz":9,"botania:red_double_flower":2,"minecraft:bread":11,"minecraft:water_bucket":1,"minecraft:wheat_seeds":47,"minecraft:prismarine_shard":4,"minecraft:iron_helmet":1,"minecraft:apple":1,"minecraft:copper_ingot":1,"vinery:jungle_grape_seeds_red":1,"minecraft:chainmail_helmet":1,"minecraft:grass_block":5,"minecraft:pufferfish":1,"minecraft:gray_wool":1,"minecraft:diorite":3,"tombstone:grave_key":1,"minecraft:potion":1,"minecraft:oak_stairs":8,"minecraft:chainmail_leggings":11,"minecraft:string":1,"vinery:jungle_grapes_red":59,"minecraft:dandelion":1,"minecraft:bricks":3,"minecraft:kelp":1,"born_in_chaos_v1:black_argillite_brick_stairs":3,"hexerei:sage_seed":21,"minecraft:player_head":1,"minecraft:stone_sword":1,"minecraft:tuff":10,"minecraft:stone_shovel":1,"born_in_chaos_v1:rotten_fish":1,"minecraft:clay_ball":3,"minecraft:stripped_acacia_wood":1,"minecraft:flint_and_steel":1,"botania:pink_mushroom":1,"minecraft:potato":181,"minecraft:bundle":1,"minecraft:iron_chestplate":1,"minecraft:purple_bed":1,"minecraft:yellow_bed":3,"minecraft:oak_boat":3,"minecraft:golden_sword":2,"minecraft:stone_pickaxe":4,"minecraft:wooden_pickaxe":2,"minecraft:calcite":1},"minecraft:used":{"alexsmobs:emu_egg":1,"irons_spellbooks:inscription_table":2,"botania:red_double_flower":1,"minecraft:iron_shovel":254,"minecraft:poppy":3,"hexerei:witch_hazel_window_pane":1,"minecraft:spruce_slab":1,"minecraft:ladder":29,"minecraft:chest":14,"minecraft:shield":79,"minecraft:iron_sword":811,"minecraft:player_head":4,"minecraft:rotten_flesh":4,"minecraft:mutton":4,"minecraft:jungle_planks":29,"minecraft:carrot":217,"vinery:jungle_grape_seeds_red":2,"botania:black_mushroom":1,"minecraft:jungle_sapling":44,"minecraft:lava_bucket":33,"minecraft:grass_block":1,"minecraft:stone_bricks":1,"hexerei:crystal_ball":1,"minecraft:bow":9,"spartanshields:iron_basic_shield":41,"minecraft:sweet_berries":1,"supplementaries:ash":3,"minecraft:jungle_button":9,"minecraft:oak_sapling":27,"minecraft:furnace":10,"minecraft:cooked_cod":14,"minecraft:egg":1,"minecraft:potato":185,"minecraft:diorite":2,"hexerei:pestle_and_mortar":2,"minecraft:stone_pickaxe":250,"minecraft:oak_planks":110,"minecraft:wooden_pickaxe":53,"minecraft:diamond_axe":880,"minecraft:composter":3,"minecraft:sugar_cane":3,"minecraft:jungle_boat":5,"minecraft:blast_furnace":12,"minecraft:dripstone_block":4,"waystones:waystone":15,"minecraft:cyan_bed":2,"minecraft:string":1,"minecraft:bread":47,"minecraft:lectern":6,"born_in_chaos_v1:marigolds":3,"minecraft:gravel":81,"minecraft:jungle_sign":9,"minecraft:grindstone":2,"minecraft:andesite":2,"minecraft:oak_boat":38,"minecraft:bone_meal":43,"minecraft:enchanting_table":2,"minecraft:stone_sword":107,"minecraft:flint_and_steel":6,"minecraft:stone_shovel":101,"minecraft:redstone":1,"minecraft:spruce_planks":5,"vinery:jungle_grapes_red":7,"born_in_chaos_v1:fried_maggot":3,"minecraft:stone_hoe":103,"minecraft:netherrack":137,"minecraft:torch":169,"minecraft:brewing_stand":1,"minecraft:dirt":1810,"minecraft:hopper":1,"blocky_siege:barrel_of_gunpowder":2,"born_in_chaos_v1:black_argillite_button":1,"minecraft:bookshelf":9,"minecraft:iron_axe":243,"minecraft:jungle_log":5,"botania:pink_mystical_flower":1,"minecraft:crimson_planks":18,"minecraft:barrel":3,"minecraft:bamboo":4,"minecraft:basalt":3,"tombstone:gift":7,"minecraft:acacia_planks":28,"minecraft:cooked_beef":5,"minecraft:cobbled_deepslate":51,"hexerei:witch_hazel_drying_rack":3,"minecraft:pointed_dripstone":4,"sophisticatedbackpacks:gold_backpack":2,"minecraft:wheat_seeds":11,"minecraft:water_bucket":167,"minecraft:birch_planks":44,"minecraft:baked_potato":139,"minecraft:cauldron":3,"iceandfire:dragon_skull_lightning":1,"minecraft:fletching_table":21,"minecraft:cobblestone_slab":4,"born_in_chaos_v1:black_argillite_brick_stairs":1,"minecraft:crafting_table":28,"supplementaries:bomb":2,"botania:light_blue_mystical_flower":3,"minecraft:white_bed":52,"eidolon:silver_axe":40,"minecraft:cake":1,"minecraft:apple":3,"minecraft:oxeye_daisy":1,"minecraft:diamond_pickaxe":395,"minecraft:cornflower":3,"minecraft:diamond_shovel":1362,"hexerei:sage_seed":9,"minecraft:iron_pickaxe":667,"hexerei:witch_hazel_altar":2,"minecraft:stone_axe":294,"minecraft:fishing_rod":31,"minecraft:cobblestone":755,"minecraft:potion":4,"iceandfire:chared_grass":1,"minecraft:porkchop":3,"minecraft:cooked_porkchop":5,"minecraft:bucket":203,"minecraft:pumpkin_pie":4,"minecraft:yellow_bed":4,"alexsmobs:animal_dictionary":3,"minecraft:kelp":2,"minecraft:dandelion":6,"minecraft:splash_potion":1},"minecraft:broken":{"minecraft:iron_shovel":1,"minecraft:golden_boots":1,"minecraft:iron_boots":2,"minecraft:iron_leggings":2,"minecraft:stone_axe":2,"spartanshields:iron_basic_shield":1,"minecraft:iron_sword":1,"minecraft:leather_helmet":1,"minecraft:chainmail_helmet":1,"minecraft:shield":2,"minecraft:iron_axe":1,"minecraft:iron_pickaxe":1,"minecraft:iron_helmet":1}},"DataVersion":3120}